domanda,kit,risposta,conteggio,validi,vuote,percentuale_validi
Q1,Roma,Mi è piaciuta tantissimo,92,158,0,58.22784810126582
Q1,Roma,Mi è piaciuta,64,158,0,40.50632911392405
Q1,Roma,Non mi è piaciuta molto,2,158,0,1.2658227848101267
Q1,Perugia,Mi è piaciuta tantissimo,20,46,0,43.47826086956522
Q1,Perugia,Mi è piaciuta,26,46,0,56.52173913043478
Q1,Perugia,Non mi è piaciuta molto,0,46,0,0.0
Q1,Bari,Mi è piaciuta tantissimo,32,98,0,32.6530612244898
Q1,Bari,Mi è piaciuta,52,98,0,53.06122448979592
Q1,Bari,Non mi è piaciuta molto,14,98,0,14.285714285714286
Q1,Pisa,Mi è piaciuta tantissimo,12,23,0,52.17391304347826
Q1,Pisa,Mi è piaciuta,11,23,0,47.82608695652174
Q1,Pisa,Non mi è piaciuta molto,0,23,0,0.0
Q3,Roma,"Sì, molto",94,155,3,60.645161290322584
Q3,Roma,"Sì, un po’",58,155,3,37.41935483870968
Q3,Roma,"No, per niente",3,155,3,1.935483870967742
Q3,Perugia,"Sì, molto",18,46,0,39.130434782608695
Q3,Perugia,"Sì, un po’",27,46,0,58.69565217391305
Q3,Perugia,"No, per niente",1,46,0,2.1739130434782608
Q3,Bari,"Sì, molto",48,98,0,48.97959183673469
Q3,Bari,"Sì, un po’",47,98,0,47.95918367346939
Q3,Bari,"No, per niente",3,98,0,3.061224489795918
Q3,Pisa,"Sì, molto",9,23,0,39.130434782608695
Q3,Pisa,"Sì, un po’",13,23,0,56.52173913043478
Q3,Pisa,"No, per niente",1,23,0,4.3478260869565215
Q4,Roma,Più curioso/a,103,155,3,66.45161290322581
Q4,Roma,Curioso/a come prima,49,155,3,31.612903225806452
Q4,Roma,Meno curioso/a,3,155,3,1.935483870967742
Q4,Perugia,Più curioso/a,23,46,0,50.0
Q4,Perugia,Curioso/a come prima,21,46,0,45.65217391304348
Q4,Perugia,Meno curioso/a,2,46,0,4.3478260869565215
Q4,Bari,Più curioso/a,48,98,0,48.97959183673469
Q4,Bari,Curioso/a come prima,46,98,0,46.93877551020408
Q4,Bari,Meno curioso/a,4,98,0,4.081632653061225
Q4,Pisa,Più curioso/a,12,23,0,52.17391304347826
Q4,Pisa,Curioso/a come prima,11,23,0,47.82608695652174
Q4,Pisa,Meno curioso/a,0,23,0,0.0
Q5,Roma,Più interessato/a,103,157,1,65.60509554140127
Q5,Roma,Interessato/a come prima,51,157,1,32.48407643312102
Q5,Roma,Meno interessato/a,3,157,1,1.910828025477707
Q5,Perugia,Più interessato/a,31,46,0,67.3913043478261
Q5,Perugia,Interessato/a come prima,12,46,0,26.08695652173913
Q5,Perugia,Meno interessato/a,3,46,0,6.521739130434782
Q5,Bari,Più interessato/a,45,97,1,46.391752577319586
Q5,Bari,Interessato/a come prima,44,97,1,45.36082474226804
Q5,Bari,Meno interessato/a,8,97,1,8.24742268041237
Q5,Pisa,Più interessato/a,10,23,0,43.47826086956522
Q5,Pisa,Interessato/a come prima,12,23,0,52.17391304347826
Q5,Pisa,Meno interessato/a,1,23,0,4.3478260869565215
Q6,Roma,"Sì, molto",118,156,2,75.64102564102564
Q6,Roma,In parte,35,156,2,22.435897435897434
Q6,Roma,No,3,156,2,1.9230769230769231
Q6,Perugia,"Sì, molto",33,46,0,71.73913043478261
Q6,Perugia,In parte,12,46,0,26.08695652173913
Q6,Perugia,No,1,46,0,2.1739130434782608
Q6,Bari,"Sì, molto",83,98,0,84.6938775510204
Q6,Bari,In parte,12,98,0,12.244897959183673
Q6,Bari,No,3,98,0,3.061224489795918
Q6,Pisa,"Sì, molto",19,21,2,90.47619047619048
Q6,Pisa,In parte,2,21,2,9.523809523809524
Q6,Pisa,No,0,21,2,0.0
Q7,Roma,Spesso,11,157,1,7.006369426751593
Q7,Roma,A volte,39,157,1,24.840764331210192
Q7,Roma,Mai,107,157,1,68.15286624203821
Q7,Perugia,Spesso,4,44,2,9.090909090909092
Q7,Perugia,A volte,11,44,2,25.0
Q7,Perugia,Mai,29,44,2,65.9090909090909
Q7,Bari,Spesso,14,96,2,14.583333333333334
Q7,Bari,A volte,24,96,2,25.0
Q7,Bari,Mai,58,96,2,60.416666666666664
Q7,Pisa,Spesso,2,21,2,9.523809523809524
Q7,Pisa,A volte,7,21,2,33.333333333333336
Q7,Pisa,Mai,12,21,2,57.142857142857146
Q8,Roma,No,77,157,1,49.044585987261144
Q8,Roma,Sì,80,157,1,50.955414012738856
Q8,Perugia,No,17,44,2,38.63636363636363
Q8,Perugia,Sì,27,44,2,61.36363636363637
Q8,Bari,No,74,89,9,83.14606741573034
Q8,Bari,Sì,15,89,9,16.853932584269664
Q8,Pisa,No,15,23,0,65.21739130434783
Q8,Pisa,Sì,8,23,0,34.78260869565217
Q9,Roma,Femminile,72,155,3,46.45161290322581
Q9,Roma,Maschile,74,155,3,47.74193548387097
Q9,Roma,Altro,2,155,3,1.2903225806451613
Q9,Roma,Preferisco non rispondere,7,155,3,4.516129032258065
Q9,Perugia,Femminile,27,46,0,58.69565217391305
Q9,Perugia,Maschile,16,46,0,34.78260869565217
Q9,Perugia,Altro,1,46,0,2.1739130434782608
Q9,Perugia,Preferisco non rispondere,2,46,0,4.3478260869565215
Q9,Bari,Femminile,43,96,2,44.791666666666664
Q9,Bari,Maschile,47,96,2,48.958333333333336
Q9,Bari,Altro,1,96,2,1.0416666666666667
Q9,Bari,Preferisco non rispondere,5,96,2,5.208333333333333
Q9,Pisa,Femminile,8,23,0,34.78260869565217
Q9,Pisa,Maschile,14,23,0,60.869565217391305
Q9,Pisa,Altro,0,23,0,0.0
Q9,Pisa,Preferisco non rispondere,1,23,0,4.3478260869565215
Q10,Roma,Meno di 11,17,156,2,10.897435897435898
Q10,Roma,11–14,19,156,2,12.179487179487179
Q10,Roma,15–18,60,156,2,38.46153846153846
Q10,Roma,19–25,8,156,2,5.128205128205129
Q10,Roma,26–40,11,156,2,7.051282051282051
Q10,Roma,41–60,34,156,2,21.794871794871796
Q10,Roma,Più di 60,7,156,2,4.487179487179487
Q10,Roma,Preferisco non rispondere,0,156,2,0.0
Q10,Perugia,Meno di 11,5,46,0,10.869565217391305
Q10,Perugia,11–14,4,46,0,8.695652173913043
Q10,Perugia,15–18,22,46,0,47.82608695652174
Q10,Perugia,19–25,3,46,0,6.521739130434782
Q10,Perugia,26–40,4,46,0,8.695652173913043
Q10,Perugia,41–60,5,46,0,10.869565217391305
Q10,Perugia,Più di 60,2,46,0,4.3478260869565215
Q10,Perugia,Preferisco non rispondere,1,46,0,2.1739130434782608
Q10,Bari,Meno di 11,24,96,2,25.0
Q10,Bari,11–14,20,96,2,20.833333333333332
Q10,Bari,15–18,49,96,2,51.041666666666664
Q10,Bari,19–25,0,96,2,0.0
Q10,Bari,26–40,0,96,2,0.0
Q10,Bari,41–60,1,96,2,1.0416666666666667
Q10,Bari,Più di 60,0,96,2,0.0
Q10,Bari,Preferisco non rispondere,2,96,2,2.0833333333333335
Q10,Pisa,Meno di 11,14,22,1,63.63636363636363
Q10,Pisa,11–14,6,22,1,27.272727272727273
Q10,Pisa,15–18,0,22,1,0.0
Q10,Pisa,19–25,2,22,1,9.090909090909092
Q10,Pisa,26–40,0,22,1,0.0
Q10,Pisa,41–60,0,22,1,0.0
Q10,Pisa,Più di 60,0,22,1,0.0
Q10,Pisa,Preferisco non rispondere,0,22,1,0.0
Q11,Roma,No,60,157,1,38.21656050955414
Q11,Roma,Sì,97,157,1,61.78343949044586
Q11,Perugia,No,11,46,0,23.91304347826087
Q11,Perugia,Sì,35,46,0,76.08695652173913
Q11,Bari,No,58,95,3,61.05263157894737
Q11,Bari,Sì,37,95,3,38.94736842105263
Q11,Pisa,No,6,23,0,26.08695652173913
Q11,Pisa,Sì,17,23,0,73.91304347826087
