parola,Roma,Perugia,Bari,Pisa,totale,quota_Roma,quota_Perugia,quota_Bari,quota_Pisa
INTERESSANTE,60,13,22,2,97,0.6185567010309279,0.13402061855670103,0.2268041237113402,0.020618556701030927
DIVERTENTE,37,18,14,0,69,0.5362318840579711,0.2608695652173913,0.2028985507246377,0.0
BELLO/BELLA,23,5,18,3,49,0.46938775510204084,0.10204081632653061,0.3673469387755102,0.061224489795918366
COINVOLGENTE,20,4,5,0,29,0.6896551724137931,0.13793103448275862,0.1724137931034483,0.0
ISTRUTTIVO/A,11,4,3,0,18,0.6111111111111112,0.2222222222222222,0.16666666666666666,0.0
CARINO/A,1,6,1,2,10,0.1,0.6,0.1,0.2
SIMPATICO/A,5,2,2,1,10,0.5,0.2,0.2,0.1
CURIOSO/A,2,4,3,0,9,0.2222222222222222,0.4444444444444444,0.3333333333333333,0.0
EDUCATIVO/A,6,3,0,0,9,0.6666666666666666,0.3333333333333333,0.0,0.0
INTERATTIVO/A,3,2,4,0,9,0.3333333333333333,0.2222222222222222,0.4444444444444444,0.0
CURIOSITÀ,2,1,5,0,8,0.25,0.125,0.625,0.0
BELLISSIMO/A,2,3,1,1,7,0.2857142857142857,0.42857142857142855,0.14285714285714285,0.14285714285714285
FORMATIVO/A,5,1,1,0,7,0.7142857142857143,0.14285714285714285,0.14285714285714285,0.0
ENTUSIASMANTE,5,0,1,0,6,0.8333333333333334,0.0,0.16666666666666666,0.0
INNOVATIVO/A,3,1,2,0,6,0.5,0.16666666666666666,0.3333333333333333,0.0
STIMOLANTE,5,0,1,0,6,0.8333333333333334,0.0,0.16666666666666666,0.0
FANTASTICO/A,5,0,0,0,5,1.0,0.0,0.0,0.0
PIACEVOLE,3,1,1,0,5,0.6,0.2,0.2,0.0
STUPENDO/A,2,1,2,0,5,0.4,0.2,0.4,0.0
UNICO/A,3,2,0,0,5,0.6,0.4,0.0,0.0
AFFASCINANTE,3,1,0,0,4,0.75,0.25,0.0,0.0
IMMERSIVO/A,4,0,0,0,4,1.0,0.0,0.0,0.0
DIVERSA,0,3,0,0,3,0.0,1.0,0.0,0.0
EMOZIONANTE,3,0,0,0,3,1.0,0.0,0.0,0.0
FELICITÀ,0,0,3,0,3,0.0,0.0,1.0,0.0
IMPARARE,1,1,1,0,3,0.3333333333333333,0.3333333333333333,0.3333333333333333,0.0
INDIMENTICABILE,1,0,2,0,3,0.3333333333333333,0.0,0.6666666666666666,0.0
INFORMATIVO/A,2,1,0,0,3,0.6666666666666666,0.3333333333333333,0.0,0.0
INTELLIGENTE,2,0,1,0,3,0.6666666666666666,0.0,0.3333333333333333,0.0
INTRIGANTE,2,0,1,0,3,0.6666666666666666,0.0,0.3333333333333333,0.0
NOVITÀ,1,0,2,0,3,0.3333333333333333,0.0,0.6666666666666666,0.0
NUOVO/A,1,0,2,0,3,0.3333333333333333,0.0,0.6666666666666666,0.0
ORIGINALE,3,0,0,0,3,1.0,0.0,0.0,0.0
PARTICOLARE,1,2,0,0,3,0.3333333333333333,0.6666666666666666,0.0,0.0
PIACIUTO/A,0,1,1,1,3,0.0,0.3333333333333333,0.3333333333333333,0.3333333333333333
TOP,1,0,2,0,3,0.3333333333333333,0.0,0.6666666666666666,0.0
APPASSIONANTE,2,0,0,0,2,1.0,0.0,0.0,0.0
AVVINCENTE,1,1,0,0,2,0.5,0.5,0.0,0.0
COSTRUTTIVA,2,0,0,0,2,1.0,0.0,0.0,0.0
CREATIVA,0,2,0,0,2,0.0,1.0,0.0,0.0
DIFFICILE,0,0,2,0,2,0.0,0.0,1.0,0.0
DINAMICA,0,1,1,0,2,0.0,0.5,0.5,0.0
DIVERTIMENTO,0,1,1,0,2,0.0,0.5,0.5,0.0
GIOCOSO/A,2,0,0,0,2,1.0,0.0,0.0,0.0
INFANTILE,0,0,2,0,2,0.0,0.0,1.0,0.0
NOIOSO/A,0,0,2,0,2,0.0,0.0,1.0,0.0
ORGANIZZATO/A,0,0,0,2,2,0.0,0.0,0.0,1.0
PERÒ,0,0,2,0,2,0.0,0.0,1.0,0.0
POCO,0,0,2,0,2,0.0,0.0,1.0,0.0
PUZZLE,0,0,2,0,2,0.0,0.0,1.0,0.0
SCIENTIFICO/A,0,0,1,1,2,0.0,0.0,0.5,0.5
SEMPLICE,1,1,0,0,2,0.5,0.5,0.0,0.0
SENSAZIONALE,2,0,0,0,2,1.0,0.0,0.0,0.0
SONO,0,0,1,1,2,0.0,0.0,0.5,0.5
TANTO,0,1,1,0,2,0.0,0.5,0.5,0.0
TUTTO,0,0,2,0,2,0.0,0.0,1.0,0.0
ABBASTANZA,0,0,1,0,1,0.0,0.0,1.0,0.0
ACCATTIVANTE,1,0,0,0,1,1.0,0.0,0.0,0.0
AL,0,0,1,0,1,0.0,0.0,1.0,0.0
ALL,0,0,1,0,1,0.0,0.0,1.0,0.0
ALTERNATIVA,0,0,1,0,1,0.0,0.0,1.0,0.0
ANCHE,0,0,1,0,1,0.0,0.0,1.0,0.0
ASILO,0,0,1,0,1,0.0,0.0,1.0,0.0
ASSICURARE,1,0,0,0,1,1.0,0.0,0.0,0.0
AVVICINA,1,0,0,0,1,1.0,0.0,0.0,0.0
BAMBINI,0,1,0,0,1,0.0,1.0,0.0,0.0
BELISSIMO,0,0,1,0,1,0.0,0.0,1.0,0.0
BUFFA,0,0,0,1,1,0.0,0.0,0.0,1.0
BUONO/A,1,0,0,0,1,1.0,0.0,0.0,0.0
CACCIA,0,0,1,0,1,0.0,0.0,1.0,0.0
CAPITO,1,0,0,0,1,1.0,0.0,0.0,0.0
CASCHETTO,0,0,1,0,1,0.0,0.0,1.0,0.0
COINVOLGIMENTO,0,1,0,0,1,0.0,1.0,0.0,0.0
COLLABORAZIONE,0,1,0,0,1,0.0,1.0,0.0,0.0
COMPLESSA,0,1,0,0,1,0.0,1.0,0.0,0.0
COMPLESSI,1,0,0,0,1,1.0,0.0,0.0,0.0
CONCENTRAZIONE,1,0,0,0,1,1.0,0.0,0.0,0.0
CONCETTI,1,0,0,0,1,1.0,0.0,0.0,0.0
CONOSCEVO,0,0,1,0,1,0.0,0.0,1.0,0.0
CORTO,0,0,1,0,1,0.0,0.0,1.0,0.0
CRAZY,1,0,0,0,1,1.0,0.0,0.0,0.0
CULTURA,0,0,1,0,1,0.0,0.0,1.0,0.0
DELUSIONE,0,0,1,0,1,0.0,0.0,1.0,0.0
DIDATTICA,0,0,1,0,1,0.0,0.0,1.0,0.0
DIOCAN,1,0,0,0,1,1.0,0.0,0.0,0.0
DIVERTENTISSIMA,0,1,0,0,1,0.0,1.0,0.0,0.0
DIVERTITO/A,0,0,0,1,1,0.0,0.0,0.0,1.0
DIVULGAZIONE,0,0,1,0,1,0.0,0.0,1.0,0.0
ED,1,0,0,0,1,1.0,0.0,0.0,0.0
EFFICACE,1,0,0,0,1,1.0,0.0,0.0,0.0
ENERGETICA,1,0,0,0,1,1.0,0.0,0.0,0.0
ERA,0,0,1,0,1,0.0,0.0,1.0,0.0
ESCAPE,0,0,1,0,1,0.0,0.0,1.0,0.0
ESPERIMENTI,0,0,1,0,1,0.0,0.0,1.0,0.0
ESPERIMENTO,1,0,0,0,1,1.0,0.0,0.0,0.0
EXPERIENCE,1,0,0,0,1,1.0,0.0,0.0,0.0
FA,0,1,0,0,1,0.0,1.0,0.0,0.0
FACILE,0,1,0,0,1,0.0,1.0,0.0,0.0
FATTA,1,0,0,0,1,1.0,0.0,0.0,0.0
FELICE,0,0,1,0,1,0.0,0.0,1.0,0.0
FICA,0,1,0,0,1,0.0,1.0,0.0,0.0
FICO,0,1,0,0,1,0.0,1.0,0.0,0.0
FORTE,1,0,0,0,1,1.0,0.0,0.0,0.0
FUTURISTICO,1,0,0,0,1,1.0,0.0,0.0,0.0
GANZA,0,1,0,0,1,0.0,1.0,0.0,0.0
GIOVANILE,1,0,0,0,1,1.0,0.0,0.0,0.0
GIÀ,0,0,1,0,1,0.0,0.0,1.0,0.0
GRAZIE,0,1,0,0,1,0.0,1.0,0.0,0.0
GREAT,1,0,0,0,1,1.0,0.0,0.0,0.0
ILLUSTRATIVA,1,0,0,0,1,1.0,0.0,0.0,0.0
INASPETTATO,1,0,0,0,1,1.0,0.0,0.0,0.0
INCLUSIVO/A,0,0,1,0,1,0.0,0.0,1.0,0.0
INGRESSI,0,0,0,1,1,0.0,0.0,0.0,1.0
INNOVAZIONE,0,0,1,0,1,0.0,0.0,1.0,0.0
INSEGNATIVA,1,0,0,0,1,1.0,0.0,0.0,0.0
INTERESANTE,0,1,0,0,1,0.0,1.0,0.0,0.0
INTRATTENITIVA,1,0,0,0,1,1.0,0.0,0.0,0.0
ISPIRATRICE,1,0,0,0,1,1.0,0.0,0.0,0.0
LOGICA,0,0,1,0,1,0.0,0.0,1.0,0.0
MAGNIFICA,1,0,0,0,1,1.0,0.0,0.0,0.0
MAL,1,0,0,0,1,1.0,0.0,0.0,0.0
MANIERA,1,0,0,0,1,1.0,0.0,0.0,0.0
MANO,1,0,0,0,1,1.0,0.0,0.0,0.0
MATEMATICA,0,0,1,0,1,0.0,0.0,1.0,0.0
MATEMATICO,0,0,1,0,1,0.0,0.0,1.0,0.0
MEGLIO,1,0,0,0,1,1.0,0.0,0.0,0.0
MIA,0,0,1,0,1,0.0,0.0,1.0,0.0
MISTERIOSO,1,0,0,0,1,1.0,0.0,0.0,0.0
NIENTE,1,0,0,0,1,1.0,0.0,0.0,0.0
OTTIMO/A,1,0,0,0,1,1.0,0.0,0.0,0.0
PAROLE,0,0,1,0,1,0.0,0.0,1.0,0.0
PARTICELLA,1,0,0,0,1,1.0,0.0,0.0,0.0
PIÙ,0,0,1,0,1,0.0,0.0,1.0,0.0
PRECISA,1,0,0,0,1,1.0,0.0,0.0,0.0
PRIMA,0,0,1,0,1,0.0,0.0,1.0,0.0
PROSSIMA,0,0,1,0,1,0.0,0.0,1.0,0.0
PROTONE,0,1,0,0,1,0.0,1.0,0.0,0.0
QUARK,0,1,0,0,1,0.0,1.0,0.0,0.0
REALISTICA,0,0,1,0,1,0.0,0.0,1.0,0.0
RICAPITOLARE,1,0,0,0,1,1.0,0.0,0.0,0.0
RIPETIBILE,1,0,0,0,1,1.0,0.0,0.0,0.0
ROOM,0,0,1,0,1,0.0,0.0,1.0,0.0
SCHIENA,1,0,0,0,1,1.0,0.0,0.0,0.0
SCHIFOSA,1,0,0,0,1,1.0,0.0,0.0,0.0
SCOPERTE,0,1,0,0,1,0.0,1.0,0.0,0.0
SEDIE,0,0,1,0,1,0.0,0.0,1.0,0.0
SEGUONO,1,0,0,0,1,1.0,0.0,0.0,0.0
SENZAZIONALE,1,0,0,0,1,1.0,0.0,0.0,0.0
SPAVENTATA,0,0,1,0,1,0.0,0.0,1.0,0.0
SPAZIALE,1,0,0,0,1,1.0,0.0,0.0,0.0
SPECIALE,0,0,1,0,1,0.0,0.0,1.0,0.0
SPETTACOLARE,0,1,0,0,1,0.0,1.0,0.0,0.0
STANCHEZZA,1,0,0,0,1,1.0,0.0,0.0,0.0
STATICA,0,0,1,0,1,0.0,0.0,1.0,0.0
STUPEFACENTE,1,0,0,0,1,1.0,0.0,0.0,0.0
SUPER,0,1,0,0,1,0.0,1.0,0.0,0.0
SUSPANCE,0,0,1,0,1,0.0,0.0,1.0,0.0
TANTISSIMO,0,0,0,1,1,0.0,0.0,0.0,1.0
TESORO,0,0,1,0,1,0.0,0.0,1.0,0.0
TI,0,1,0,0,1,0.0,1.0,0.0,0.0
TORNATI,0,0,1,0,1,0.0,0.0,1.0,0.0
TUTTI,1,0,0,0,1,1.0,0.0,0.0,0.0
UTILE,1,0,0,0,1,1.0,0.0,0.0,0.0
VELOCE,1,0,0,0,1,1.0,0.0,0.0,0.0
VISIVA,0,0,1,0,1,0.0,0.0,1.0,0.0
VOLTA,0,0,1,0,1,0.0,0.0,1.0,0.0
WOW,0,0,1,0,1,0.0,0.0,1.0,0.0
