parola,Roma,Bari,Pisa,totale,quota_Roma,quota_Bari,quota_Pisa
INTERESSANTE,41,22,2,65,0.6307692307692307,0.3384615384615385,0.03076923076923077
DIVERTENTE,29,14,0,43,0.6744186046511628,0.32558139534883723,0.0
BELLA,10,10,1,21,0.47619047619047616,0.47619047619047616,0.047619047619047616
COINVOLGENTE,15,5,0,20,0.75,0.25,0.0
BELLO,4,8,2,14,0.2857142857142857,0.5714285714285714,0.14285714285714285
ISTRUTTIVA,9,1,0,10,0.9,0.1,0.0
CURIOSITÀ,2,5,0,7,0.2857142857142857,0.7142857142857143,0.0
INTERATTIVA,3,4,0,7,0.42857142857142855,0.5714285714285714,0.0
FORMATIVA,5,1,0,6,0.8333333333333334,0.16666666666666666,0.0
CURIOSA,2,3,0,5,0.4,0.6,0.0
SIMPATICA,3,1,1,5,0.6,0.2,0.2
ENTUSIASMANTE,3,1,0,4,0.75,0.25,0.0
MI,0,2,2,4,0.0,0.5,0.5
AFFASCINANTE,3,0,0,3,1.0,0.0,0.0
BEN,1,0,2,3,0.3333333333333333,0.0,0.6666666666666666
CARINA,1,0,2,3,0.3333333333333333,0.0,0.6666666666666666
FELICITÀ,0,3,0,3,0.0,1.0,0.0
INNOVATIVA,2,1,0,3,0.6666666666666666,0.3333333333333333,0.0
ISTRUTTIVO,1,2,0,3,0.3333333333333333,0.6666666666666666,0.0
NOVITÀ,1,2,0,3,0.3333333333333333,0.6666666666666666,0.0
PIACEVOLE,2,1,0,3,0.6666666666666666,0.3333333333333333,0.0
STIMOLANTE,2,1,0,3,0.6666666666666666,0.3333333333333333,0.0
TOP,1,2,0,3,0.3333333333333333,0.6666666666666666,0.0
BELLISSIMA,0,1,1,2,0.0,0.5,0.5
EDUCATIVA,2,0,0,2,1.0,0.0,0.0
FANTASTICA,2,0,0,2,1.0,0.0,0.0
IMMERSIVA,2,0,0,2,1.0,0.0,0.0
IMPARARE,1,1,0,2,0.5,0.5,0.0
INDIMENTICABILE,0,2,0,2,0.0,1.0,0.0
INFANTILE,0,2,0,2,0.0,1.0,0.0
INTELLIGENTE,1,1,0,2,0.5,0.5,0.0
INTRIGANTE,1,1,0,2,0.5,0.5,0.0
ORGANIZZATA,0,0,2,2,0.0,0.0,1.0
ORIGINALE,2,0,0,2,1.0,0.0,0.0
PERÒ,0,2,0,2,0.0,1.0,0.0
PIACIUTA,0,1,1,2,0.0,0.5,0.5
POCO,0,2,0,2,0.0,1.0,0.0
PUZZLE,0,2,0,2,0.0,1.0,0.0
SIMPATICO,1,1,0,2,0.5,0.5,0.0
SONO,0,1,1,2,0.0,0.5,0.5
STUPENDO,1,1,0,2,0.5,0.5,0.0
TUTTO,0,2,0,2,0.0,1.0,0.0
ABBASTANZA,0,1,0,1,0.0,1.0,0.0
ACCATTIVANTE,1,0,0,1,1.0,0.0,0.0
AL,0,1,0,1,0.0,1.0,0.0
ALL,0,1,0,1,0.0,1.0,0.0
ALTERNATIVA,0,1,0,1,0.0,1.0,0.0
ANCHE,0,1,0,1,0.0,1.0,0.0
APPASSIONANTE,1,0,0,1,1.0,0.0,0.0
ASILO,0,1,0,1,0.0,1.0,0.0
ASSICURARE,1,0,0,1,1.0,0.0,0.0
AVVICINA,1,0,0,1,1.0,0.0,0.0
AVVINCENTE,1,0,0,1,1.0,0.0,0.0
BELISSIMO,0,1,0,1,0.0,1.0,0.0
BUFFA,0,0,1,1,0.0,0.0,1.0
BUONA,1,0,0,1,1.0,0.0,0.0
CACCIA,0,1,0,1,0.0,1.0,0.0
CAPITO,1,0,0,1,1.0,0.0,0.0
CARINO,0,1,0,1,0.0,1.0,0.0
CASCHETTO,0,1,0,1,0.0,1.0,0.0
COMPLESSI,1,0,0,1,1.0,0.0,0.0
CONCENTRAZIONE,1,0,0,1,1.0,0.0,0.0
CONCETTI,1,0,0,1,1.0,0.0,0.0
CONOSCEVO,0,1,0,1,0.0,1.0,0.0
CORTO,0,1,0,1,0.0,1.0,0.0
CULTURA,0,1,0,1,0.0,1.0,0.0
DELUSIONE,0,1,0,1,0.0,1.0,0.0
DIDATTICA,0,1,0,1,0.0,1.0,0.0
DIFFICILE,0,1,0,1,0.0,1.0,0.0
DIFFICILI,0,1,0,1,0.0,1.0,0.0
DINAMICA,0,1,0,1,0.0,1.0,0.0
DIVERTIMENTO,0,1,0,1,0.0,1.0,0.0
DIVERTITO,0,0,1,1,0.0,0.0,1.0
DIVULGAZIONE,0,1,0,1,0.0,1.0,0.0
EDUCATTIVA,1,0,0,1,1.0,0.0,0.0
EFFICACE,1,0,0,1,1.0,0.0,0.0
EMOZIONANTE,1,0,0,1,1.0,0.0,0.0
ENERGETICA,1,0,0,1,1.0,0.0,0.0
ERA,0,1,0,1,0.0,1.0,0.0
ESCAPE,0,1,0,1,0.0,1.0,0.0
ESPERIMENTI,0,1,0,1,0.0,1.0,0.0
FATTA,1,0,0,1,1.0,0.0,0.0
FELICE,0,1,0,1,0.0,1.0,0.0
FORTE,1,0,0,1,1.0,0.0,0.0
FUTURISTICO,1,0,0,1,1.0,0.0,0.0
GIOCOSA,1,0,0,1,1.0,0.0,0.0
GIOCOSO,1,0,0,1,1.0,0.0,0.0
GIOVANILE,1,0,0,1,1.0,0.0,0.0
GIÀ,0,1,0,1,0.0,1.0,0.0
INCLUSIVA,0,1,0,1,0.0,1.0,0.0
INFORMATIVA,1,0,0,1,1.0,0.0,0.0
INGRESSI,0,0,1,1,0.0,0.0,1.0
INNOVATIVO,0,1,0,1,0.0,1.0,0.0
INNOVAZIONE,0,1,0,1,0.0,1.0,0.0
INSEGNATIVA,1,0,0,1,1.0,0.0,0.0
INTRATTENITIVA,1,0,0,1,1.0,0.0,0.0
LOGICA,0,1,0,1,0.0,1.0,0.0
MAGNIFICA,1,0,0,1,1.0,0.0,0.0
MAL,1,0,0,1,1.0,0.0,0.0
MANIERA,1,0,0,1,1.0,0.0,0.0
MANO,1,0,0,1,1.0,0.0,0.0
MATEMATICA,0,1,0,1,0.0,1.0,0.0
MATEMATICO,0,1,0,1,0.0,1.0,0.0
MEGLIO,1,0,0,1,1.0,0.0,0.0
MIA,0,1,0,1,0.0,1.0,0.0
NIENTE,1,0,0,1,1.0,0.0,0.0
NOIOSA,0,1,0,1,0.0,1.0,0.0
NOIOSO,0,1,0,1,0.0,1.0,0.0
NUOVA,0,1,0,1,0.0,1.0,0.0
NUOVO,0,1,0,1,0.0,1.0,0.0
OTTIMO,1,0,0,1,1.0,0.0,0.0
PAROLE,0,1,0,1,0.0,1.0,0.0
PARTICOLARE,1,0,0,1,1.0,0.0,0.0
PIÙ,0,1,0,1,0.0,1.0,0.0
PRECISA,1,0,0,1,1.0,0.0,0.0
PRIMA,0,1,0,1,0.0,1.0,0.0
PROSSIMA,0,1,0,1,0.0,1.0,0.0
REALISTICA,0,1,0,1,0.0,1.0,0.0
RICAPITOLARE,1,0,0,1,1.0,0.0,0.0
ROOM,0,1,0,1,0.0,1.0,0.0
SCHIENA,1,0,0,1,1.0,0.0,0.0
SCIENTIFICA,0,1,0,1,0.0,1.0,0.0
SCIENTIFICO,0,0,1,1,0.0,0.0,1.0
SEDIE,0,1,0,1,0.0,1.0,0.0
SEGUONO,1,0,0,1,1.0,0.0,0.0
SEMPLICE,1,0,0,1,1.0,0.0,0.0
SPAVENTATA,0,1,0,1,0.0,1.0,0.0
SPAZIALE,1,0,0,1,1.0,0.0,0.0
SPECIALE,0,1,0,1,0.0,1.0,0.0
STANCHEZZA,1,0,0,1,1.0,0.0,0.0
STATICA,0,1,0,1,0.0,1.0,0.0
STUPEFACENTE,1,0,0,1,1.0,0.0,0.0
STUPENDA,0,1,0,1,0.0,1.0,0.0
SUSPANCE,0,1,0,1,0.0,1.0,0.0
TANTISSIMO,0,0,1,1,0.0,0.0,1.0
TANTO,0,1,0,1,0.0,1.0,0.0
TESORO,0,1,0,1,0.0,1.0,0.0
TORNATI,0,1,0,1,0.0,1.0,0.0
TUTTI,1,0,0,1,1.0,0.0,0.0
UNICA,1,0,0,1,1.0,0.0,0.0
UNICO,1,0,0,1,1.0,0.0,0.0
UTILE,1,0,0,1,1.0,0.0,0.0
VELOCE,1,0,0,1,1.0,0.0,0.0
VISIVA,0,1,0,1,0.0,1.0,0.0
VOLTA,0,1,0,1,0.0,1.0,0.0
WOW,0,1,0,1,0.0,1.0,0.0
