QID59	QID7	QID65	QID66	QID67	QID68	QID69	QID70	QID71	QID73	QID74	QID75	QID76
2. Scegli due o tre parole per descrivere la tua esperienza nell’escape room.	Accetti di partecipare volontariamente a questo questionario?	1. Quanto ti è piaciuta l’attività?	3. Hai imparato qualcosa di nuovo sulla scienza, sulla ricerca o sui ricercatori?	4. Dopo l’escape room, sei più curioso/a di scoprire cose sulla scienza?	5. Dopo l’escape room, sei più interessato/a a scoprire cosa fanno le ricercatrici e i ricercatori?	6. È stato facile per te partecipare all’attività?	7. Quanto spesso hai la possibilità di partecipare a un’escape room scientifica come questa?	8. Prima di oggi, eri mai stato/a in questo luogo per un’attività didattica?	9. Qual è il tuo genere?	10. Quanti anni hai?	11. Vivi nella stessa città in cui si svolge questa escape room?	12. A quale escape room hai partecipato?
Senzazionale 	Sì	Mi è piaciuta   	Sì, un po’	Più curioso/a	Interessato/a come prima	In parte	Spesso	No	Maschile	15-18	No	Avezzano - HEPscape!
appassionante 	Sì	Mi è piaciuta tantissimo  	Sì, molto	Più curioso/a	Più interessato/a	Sì, molto	Mai	Sì	Maschile	15-18	No	Avezzano - HEPscape!
coinvolgente sensazionale misterioso	Sì	Mi è piaciuta tantissimo  	Sì, molto	Più curioso/a	Interessato/a come prima	Sì, molto	Mai	Sì	Maschile	15-18	Sì	Avezzano - HEPscape!
	Sì	Mi è piaciuta   	Sì, molto	Curioso/a come prima	Interessato/a come prima	Sì, molto	Mai	Sì	Maschile	15-18	No	Avezzano - HEPscape!
inaspettato interessante 	Sì	Mi è piaciuta   	Sì, un po’	Curioso/a come prima	Interessato/a come prima	Sì, molto	Mai	Sì	Maschile	15-18	Sì	Avezzano - HEPscape!
Bella è interessante	Sì	Mi è piaciuta   	No, per niente	Curioso/a come prima	Interessato/a come prima	Sì, molto	A volte	No	Maschile	15-18	No	Avezzano - HEPscape!
Interessante 	Sì	Mi è piaciuta tantissimo  	Sì, molto	Più curioso/a	Più interessato/a	Sì, molto	A volte	No	Femminile	41-60	Sì	Avezzano - HEPscape!
Bella interessante 	Sì	Mi è piaciuta tantissimo  	Sì, molto	Più curioso/a	Più interessato/a	Sì, molto	A volte	Sì	Maschile	15-18	Sì	Avezzano - HEPscape!
Immersiva, Divertente	Sì	Mi è piaciuta   	Sì, un po’	Più curioso/a	Interessato/a come prima	Sì, molto	Mai	Sì	Maschile	15-18	No	Avezzano - HEPscape!
bellissima 	Sì	Mi è piaciuta   	Sì, un po’	Curioso/a come prima	Interessato/a come prima	Sì, molto	Spesso	No	Maschile	15-18	Sì	Avezzano - HEPscape!
	Sì	Mi è piaciuta   	Sì, un po’	Curioso/a come prima	Interessato/a come prima	Sì, molto	Mai	No	Maschile	15-18	Sì	Avezzano - HEPscape!
Istruttiva Simpatica 	Sì	Mi è piaciuta tantissimo  	Sì, un po’	Più curioso/a	Più interessato/a	Sì, molto	A volte	Sì	Maschile	41-60	No	Avezzano - HEPscape!
great experience 	Sì	Mi è piaciuta tantissimo  	Sì, un po’	Curioso/a come prima	Interessato/a come prima	Sì, molto	Mai	Sì	Femminile	15-18	Sì	Avezzano - HEPscape!
schifosa diocan	Sì	Non mi è piaciuta molto  	Sì, un po’	Curioso/a come prima	Meno interessato/a	No	Mai	Sì	Preferisco non rispondere	15-18	No	Avezzano - HEPscape!
Bella, divertente e interessante 	Sì	Mi è piaciuta   	Sì, molto	Curioso/a come prima	Interessato/a come prima	Sì, molto	Mai	No	Maschile	15-18	No	Avezzano - HEPscape!
bella e interessante 	Sì	Mi è piaciuta   	Sì, molto	Curioso/a come prima	Interessato/a come prima	Sì, molto	Mai	No	Maschile	15-18	No	Avezzano - HEPscape!
Interessante, bella	Sì	Mi è piaciuta tantissimo  	Sì, un po’	Curioso/a come prima	Interessato/a come prima	Sì, molto	Mai	Sì	Maschile	15-18	No	Avezzano - HEPscape!
piacevole ed innovativa	Sì	Mi è piaciuta   	Sì, un po’	Curioso/a come prima	Più interessato/a	Sì, molto	Mai	No	Femminile	15-18	No	Avezzano - HEPscape!
bellissimo interessante 	Sì	Mi è piaciuta tantissimo  	Sì, un po’	Più curioso/a	Più interessato/a	In parte	Mai	No	Femminile	15-18	No	Avezzano - HEPscape!
	Sì	Mi è piaciuta   	Sì, un po’	Più curioso/a	Più interessato/a	In parte	Mai	No	Maschile	15-18	Sì	Avezzano - HEPscape!
stupendo informativo 	Sì	Mi è piaciuta tantissimo  	Sì, un po’	Curioso/a come prima	Più interessato/a	Sì, molto	Spesso	Sì	Femminile	15-18	Sì	Avezzano - HEPscape!
È stata originale e molto costruttiva	Sì	Mi è piaciuta tantissimo  	Sì, un po’	Più curioso/a	Più interessato/a	Sì, molto	Mai	Sì	Femminile	15-18	Sì	Avezzano - HEPscape!
Bello interessante divertente 	Sì	Mi è piaciuta tantissimo  	Sì, molto	Più curioso/a	Più interessato/a	In parte	Mai	Sì	Femminile	15-18	No	Avezzano - HEPscape!
interessante, illustrativa, educativa	Sì	Mi è piaciuta   	Sì, un po’	Più curioso/a	Interessato/a come prima	Sì, molto	Mai	Sì	Femminile	15-18	No	Avezzano - HEPscape!
costruttiva e divertente 	Sì	Mi è piaciuta   	Sì, molto	Curioso/a come prima	Interessato/a come prima	Sì, molto	Mai	No	Femminile	15-18	Sì	Avezzano - HEPscape!
Bello	Sì	Mi è piaciuta   	Sì, un po’	Curioso/a come prima	Interessato/a come prima	Sì, molto	A volte	Sì	Maschile	15-18	Sì	Avezzano - HEPscape!
Interessante	Sì	Mi è piaciuta tantissimo  	Sì, un po’	Curioso/a come prima	Più interessato/a	Sì, molto	A volte	No	Maschile	11-14	Sì	Avezzano - HEPscape!
bello e interessante 	Sì	Mi è piaciuta   	Sì, un po’	Curioso/a come prima	Interessato/a come prima	In parte	A volte	Sì	Maschile	15-18	Sì	Avezzano - HEPscape!
entusiasmante intrigante 	Sì	Mi è piaciuta tantissimo  	Sì, un po’	Curioso/a come prima	Interessato/a come prima	Sì, molto	A volte	No	Maschile	15-18	Sì	Avezzano - HEPscape!
fantastica e divertente	Sì	Mi è piaciuta tantissimo  	Sì, molto	Curioso/a come prima	Interessato/a come prima	In parte	Mai	Sì	Femminile	15-18	No	Avezzano - HEPscape!
divertente coinvolgente bella	Sì	Mi è piaciuta   	Sì, un po’	Curioso/a come prima	Più interessato/a	Sì, molto	Mai	Sì	Femminile	15-18	No	Avezzano - HEPscape!
Interessante, coinvolgente 	Sì	Mi è piaciuta   	Sì, molto	Più curioso/a	Più interessato/a	Sì, molto	Mai	Sì	Femminile	19-25	Sì	Avezzano - HEPscape!
Molto interessante e stimolante!	Sì	Mi è piaciuta tantissimo  	Sì, molto	Più curioso/a	Più interessato/a	Sì, molto	A volte	Sì	Maschile	15-18	Sì	Avezzano - HEPscape!
Crazy, educativa e ispiratrice	Sì	Mi è piaciuta   	Sì, un po’	Curioso/a come prima	Interessato/a come prima	Sì, molto	Mai	No	Maschile	19-25	No	Avezzano - HEPscape!
"interessante 
divertente 
educativa"	Sì	Mi è piaciuta   	Sì, un po’	Curioso/a come prima	Interessato/a come prima	Sì, molto	Mai	No	Femminile	19-25	No	Avezzano - HEPscape!
	Sì	Mi è piaciuta tantissimo  	Sì, molto	Più curioso/a	Più interessato/a	In parte	Mai	Sì	Femminile	26-40	Sì	Avezzano - HEPscape!
Fantastica entusiasmante	Sì	Mi è piaciuta tantissimo  	Sì, molto	Più curioso/a	Più interessato/a	Sì, molto	Mai	Sì	Femminile	41-60	Sì	Avezzano - HEPscape!
Coinvolgente, emozionante	Sì	Mi è piaciuta tantissimo  	Sì, un po’	Più curioso/a	Più interessato/a	Sì, molto	A volte	No	Femminile	41-60	No	Avezzano - HEPscape!
	Sì	Mi è piaciuta tantissimo  	Sì, molto	Più curioso/a	Più interessato/a	Sì, molto	Mai	No	Femminile	19-25	Sì	Avezzano - HEPscape!
	Sì	Mi è piaciuta tantissimo  	Sì, un po’	Più curioso/a	Più interessato/a	In parte	Mai	No	Femminile	Più di 60	No	Avezzano - HEPscape!
Particella, esperimento 	Sì	Mi è piaciuta tantissimo  	Sì, molto	Più curioso/a	Più interessato/a	Sì, molto	Mai	No	Femminile	Meno di 11	No	Avezzano - HEPscape!
sensazionale, emozionante	Sì	Mi è piaciuta tantissimo  	Sì, molto	Più curioso/a	Più interessato/a	Sì, molto	A volte	No	Femminile	15-18	Sì	Avezzano - HEPscape!
Nuova, immersiva, intelligente 	Sì	Mi è piaciuta tantissimo  	Sì, un po’	Più curioso/a	Più interessato/a	Sì, molto	A volte	No	Femminile	41-60	Sì	Avezzano - HEPscape!
Interessante,divertente,stimolante	Sì	Mi è piaciuta tantissimo  	Sì, molto	Più curioso/a	Più interessato/a	Sì, molto	Mai	No	Maschile	41-60	Sì	Avezzano - HEPscape!
indimenticabile 	Sì	Mi è piaciuta   	Sì, molto	Più curioso/a	Più interessato/a	In parte	Mai	Sì	Femminile	15-18	No	Avezzano - HEPscape!
Interessante e stimolante 	Sì	Mi è piaciuta tantissimo  	Sì, molto	Più curioso/a	Più interessato/a	Sì, molto	A volte	Sì	Maschile	15-18	No	Avezzano - HEPscape!
Molto interessante 	Sì	Mi è piaciuta tantissimo  	Sì, molto	Più curioso/a	Più interessato/a	Sì, molto	Mai	No	Maschile	Più di 60	No	Avezzano - HEPscape!
Fantastica e interessante 	Sì	Mi è piaciuta tantissimo  	Sì, molto	Più curioso/a	Più interessato/a	Sì, molto	Mai	No	Femminile	41-60	Sì	Avezzano - HEPscape!
Coinvolgente, unica, ripetibile	Sì	Mi è piaciuta tantissimo  	Sì, molto	Più curioso/a	Più interessato/a	Sì, molto	Mai	No	Maschile	Meno di 11	Sì	Avezzano - HEPscape!