domanda,risposta,conteggio,validi,quota_validi
Q1,Tantissimo,92,158,0.5822784810126582
Q1,Piaciuta,64,158,0.4050632911392405
Q1,Non molto,2,158,0.012658227848101266
Q3,"Sì, molto",94,155,0.6064516129032258
Q3,"Sì, un po’",58,155,0.3741935483870968
Q3,"No, per niente",3,155,0.01935483870967742
Q4,Più curioso/a,103,155,0.6645161290322581
Q4,Come prima,49,155,0.3161290322580645
Q4,Meno curioso/a,3,155,0.01935483870967742
Q5,Più interessato/a,103,157,0.6560509554140127
Q5,Come prima,51,157,0.3248407643312102
Q5,Meno interessato/a,3,157,0.01910828025477707
Q6,"Sì, molto",118,156,0.7564102564102564
Q6,In parte,35,156,0.22435897435897437
Q6,No,3,156,0.019230769230769232
Q7,Spesso,11,157,0.07006369426751592
Q7,A volte,39,157,0.2484076433121019
Q7,Mai,107,157,0.6815286624203821
Q10,Meno di 11,17,156,0.10897435897435898
Q10,11-14,19,156,0.12179487179487179
Q10,15-18,60,156,0.38461538461538464
Q10,19-25,8,156,0.05128205128205128
Q10,26-40,11,156,0.07051282051282051
Q10,41-60,34,156,0.21794871794871795
Q10,Più di 60,7,156,0.04487179487179487
Q10,Non risponde,0,156,0.0
Q9,Femminile,72,155,0.4645161290322581
Q9,Maschile,74,155,0.4774193548387097
Q9,Altro,2,155,0.012903225806451613
Q9,Non risponde,7,155,0.04516129032258064
Q8,No,77,157,0.49044585987261147
Q8,Sì,80,157,0.5095541401273885
Q11,No,60,157,0.3821656050955414
Q11,Sì,97,157,0.6178343949044586
