tipo,parola,schede,risposte_Q2_valide
esatta,BELLO,2,11
esatta,CARINA,2,11
esatta,INTERESSANTE,2,11
esatta,ORGANIZZATA,2,11
esatta,BELLA,1,11
esatta,BELLISSIMA,1,11
esatta,BUFFA,1,11
esatta,DIVERTITO,1,11
esatta,PIACIUTA,1,11
esatta,SCIENTIFICO,1,11
esatta,SIMPATICA,1,11
accorpata,BELLO/BELLA,3,11
accorpata,CARINO/A,2,11
accorpata,INTERESSANTE,2,11
accorpata,ORGANIZZATO/A,2,11
accorpata,BELLISSIMO/A,1,11
accorpata,BUFFO/A,1,11
accorpata,DIVERTITO/A,1,11
accorpata,PIACIUTO/A,1,11
accorpata,SCIENTIFICO/A,1,11
accorpata,SIMPATICO/A,1,11
